meal name,page link
"

          Self-saucing Jaffa pudding        
",/recipes/784637/selfsaucing-jaffa-pudding
"

          Chunky oven chips        
",/recipes/2515/chunky-oven-chips
"

          Italian-style beef stew        
",/recipes/2209/italianstyle-beef-stew
"

          Cold weather hotpot        
",/recipes/1702/cold-weather-hotpot
"

          Sweet potato & lentil soup        
",/recipes/13416/sweet-potato-and-lentil-soup
"

          Smoked salmon & lemon risotto        
",/recipes/5965/smoked-salmon-and-lemon-risotto
"

          Ultimate lemon meringue pie        
",/recipes/3482/ultimate-lemon-meringue-pie
"

          Salmon & spinach with tartare cream        
",/recipes/5872/salmon-and-spinach-with-tartare-cream
"

          Foolproof slow roast chicken        
",/recipes/4752/foolproof-slow-roast-chicken
"

          American blueberry pancakes        
",/recipes/4915/american-blueberry-pancakes
"

          Irish soda bread        
",/recipes/1432/irish-soda-bread
"

          Moroccan chicken with sweet potato mash        
",/recipes/764636/moroccan-chicken-with-sweet-potato-mash
"

          Honeyed carrot soup        
",/recipes/4852/honeyed-carrot-soup
"

          Malt chocolate cheesecake        
",/recipes/988642/malt-chocolate-cheesecake
"

          Chicken & mushroom puff pie        
",/recipes/1765/chicken-and-mushroom-puff-pie
"

          Sweet chilli jam        
",/recipes/8257/sweet-chilli-jam
"

          Spicy roasted parsnip soup        
",/recipes/3198/spicy-roasted-parsnip-soup
"

          Butternut squash & sage risotto        
",/recipes/7767/butternut-squash-and-sage-risotto
"

          New York Cheesecake        
",/recipes/2869/new-york-cheesecake
"

          Chicken & broccoli pasta bake        
",/recipes/1948/chicken-and-broccoli-pasta-bake
"

          Thai pork & peanut curry        
",/recipes/2838670/thai-pork-and-peanut-curry
"

          Moroccan chickpea soup        
",/recipes/1499/moroccan-chickpea-soup
"

          Gluten-free lemon drizzle cake        
",/recipes/5870/glutenfree-lemon-drizzle-cake
"

          Beef bourguignon        
",/recipes/5032/beef-bourguignon
"

          Carrot & coriander soup        
",/recipes/7003/carrot-and-coriander-soup
"

          Good-for-you granola        
",/recipes/1590/goodforyou-granola
"

          Pumpkin soup        
",/recipes/7730/pumpkin-soup
"

          Leek, bacon & potato soup        
",/recipes/3505/leek-bacon-and-potato-soup
"

          Carrot cake with cinnamon frosting        
",/recipes/532636/carrot-cake-with-cinnamon-frosting
"

          Chicken & white bean stew        
",/recipes/9021/chicken-and-white-bean-stew
"

          Sausage casserole with garlic toasts        
",/recipes/7552/sausage-casserole-with-garlic-toasts
"

          Beef stroganoff with herby pasta        
",/recipes/8828/beef-stroganoff-with-herby-pasta
"

          Easy sweet & sour chicken        
",/recipes/1472/easy-sweet-and-sour-chicken
"

          Fully loaded Cajun chicken burgers        
",/recipes/9092/fully-loaded-cajun-chicken-burgers
"

          Rich tomato soup with pesto        
",/recipes/5100/rich-tomato-soup-with-pesto
"

          Easy chicken tagine        
",/recipes/5967/easy-chicken-tagine
"

          Perfect pancakes        
",/recipes/3374/perfect-pancakes
"

          Easiest ever paella        
",/recipes/4021/easiest-ever-paella
"

          Succulent braised venison        
",/recipes/1935/succulent-braised-venison
"

          Chicken & red wine casserole with herby dumplings        
",/recipes/2637/chicken-and-red-wine-casserole-with-herby-dumpling
"

          Chorizo & chickpea soup        
",/recipes/2628/chorizo-and-chickpea-soup
"

          Chicken stuffed with herby mascarpone        
",/recipes/4787/chicken-stuffed-with-herby-mascarpone
"

          Raspberry & blueberry lime drizzle cake        
",/recipes/1338/raspberry-and-blueberry-lime-drizzle-cake
"

          Courgette, potato & cheddar soup        
",/recipes/1577642/courgette-potato-and-cheddar-soup
"

          Easy Thai prawn curry        
",/recipes/7418/easy-thai-prawn-curry
"

          Mexican chicken stew with quinoa & beans        
",/recipes/1940686/mexican-chicken-stew-with-quinoa-and-beans
"

          Chocolate fudge cake        
",/recipes/532637/chocolate-fudge-cake
"

          Oven-baked Thai chicken rice        
",/recipes/4017/ovenbaked-thai-chicken-rice
"

          Sticky stem ginger cake with lemon icing        
",/recipes/1462/sticky-stem-ginger-cake-with-lemon-icing
"

          Smoked haddock & leek risotto        
",/recipes/408651/smoked-haddock-and-leek-risotto
"

          Thai chicken curry        
",/recipes/1788/thai-chicken-curry
"

          Chorizo, new potato & haddock one-pot        
",/recipes/10583/chorizo-new-potato-and-haddock-onepot
"

          Apple flapjack crumble        
",/recipes/1774/apple-flapjack-crumble
"

          Chicken, sweet potato & coconut curry        
",/recipes/1555/chicken-sweet-potato-and-coconut-curry
"

          Italian broccoli & salmon bake        
",/recipes/1398/italian-broccoli-and-salmon-bake
"

          Cottage pie        
",/recipes/775643/cottage-pie
"

          Gnocchi & tomato bake        
",/recipes/7192/gnocchi-and-tomato-bake
"

          Jaffa drizzle loaf        
",/recipes/1927/jaffa-drizzle-loaf
"

          Ultimate roast potatoes        
",/recipes/1303/ultimate-roast-potatoes
"

          Ultimate apple pie        
",/recipes/2052/ultimate-apple-pie
"

          Chinese-style braised beef one-pot        
",/recipes/9646/chinesestyle-braised-beef-onepot
"

          Lemon-spiced chicken with chickpeas        
",/recipes/5160/lemonspiced-chicken-with-chickpeas
"

          Creamy courgette lasagne        
",/recipes/4716/creamy-courgette-lasagne
"

          Lemon & poppyseed cupcakes        
",/recipes/470636/lemon-and-poppyseed-cupcakes
"

          Easy white bread        
",/recipes/2060/easy-white-bread
"

          Chicken & couscous one-pot        
",/recipes/10760/chicken-and-couscous-onepot
"

          No-cook chocolate tart         
",/recipes/4629/nocook-chocolate-tart-
"

          Spanish rice & prawn one-pot        
",/recipes/11640/spanish-rice-and-prawn-onepot
"

          Carrot & cream cheese cupcakes        
",/recipes/470640/carrot-and-cream-cheese-cupcakes
"

          Creamy masala chicken        
",/recipes/1884/creamy-masala-chicken
"

          Blueberry soured cream cake with cheesecake frosting        
",/recipes/1224/blueberry-soured-cream-cake-with-cheesecake-frosti
"

          Ultimate meringue        
",/recipes/2445/ultimate-meringue
"

          Thai pumpkin soup        
",/recipes/775669/thai-pumpkin-soup
"

          Brilliant banana loaf        
",/recipes/2249656/brilliant-banana-loaf
"

          Home-style chicken curry        
",/recipes/1993658/homestyle-chicken-curry
"

          Orange & white chocolate sponge        
",/recipes/5524/orange-and-white-chocolate-sponge
"

          Gooey chocolate cherry cookies        
",/recipes/9837/gooey-chocolate-cherry-cookies
"

          One-pot chicken chasseur        
",/recipes/9100/onepot-chicken-chasseur
"

          Spring chicken in a pot        
",/recipes/10052/spring-chicken-in-a-pot
"

          Toffee apple pudding        
",/recipes/3331/toffee-apple-pudding
"

          Chunky sausage & tomato pasta        
",/recipes/2625/chunky-sausage-and-tomato-pasta
"

          Rigatoni sausage bake        
",/recipes/1197/rigatoni-sausage-bake
"

          Simple jammy biscuits        
",/recipes/1752/simple-jammy-biscuits
"

          Slow-cooked lamb with onions & thyme        
",/recipes/1826/slowcooked-lamb-with-onions-and-thyme
"

          Roasted tomato, basil & Parmesan quiche        
",/recipes/6295/roasted-tomato-basil-and-parmesan-quiche
"

          Classic lasagne        
",/recipes/10602/classic-lasagne
"

          Chicken tikka masala        
",/recipes/12798/chicken-tikka-masala
"

          Fudgy coconut brownies        
",/recipes/402625/fudgy-coconut-brownies
"

          Catherine Berwick's Parsnip & maple syrup cake        
",/recipes/12983/catherine-berwicks-parsnip-and-maple-syrup-cake
"

          Anzac biscuits        
",/recipes/3803/anzac-biscuits
"

          Chocolate crunch bars        
",/recipes/8003/chocolate-crunch-bars
"

          Chocolate brownie cake        
",/recipes/3431/chocolate-brownie-cake
"

          Bacon & mushroom pasta        
",/recipes/2329/bacon-and-mushroom-pasta
"

          One-pot mushroom & potato curry        
",/recipes/2027/onepot-mushroom-and-potato-curry
"

          Beef Wellington        
",/recipes/2538/beef-wellington
"

          Sweet potato & chicken curry        
",/recipes/313610/sweet-potato-and-chicken-curry
"

          Superhealthy salmon burgers        
",/recipes/7712/superhealthy-salmon-burgers
"

          Pizza margherita in 4 easy steps        
",/recipes/4683/pizza-margherita-in-4-easy-steps
"

          Tomato & thyme cod        
",/recipes/5939/tomato-and-thyme-cod
"

          Thai-style steamed fish        
",/recipes/1031/thaistyle-steamed-fish
"

          Thai green chicken curry        
",/recipes/3235/thai-green-chicken-curry
"

          Strawberry cheesecake in 4 easy steps         
",/recipes/4653/strawberry-cheesecake-in-4-easy-steps-
"

          Unbelievably easy mince pies        
",/recipes/2174/unbelievably-easy-mince-pies
"

          Fish pie - in four steps        
",/recipes/3174/fish-pie-in-four-steps
"

          Five-a-day tagine        
",/recipes/7742/fiveaday-tagine
"

          Ultimate quiche Lorraine        
",/recipes/2868/ultimate-quiche-lorraine
"

          Chicken noodle soup        
",/recipes/1869/chicken-noodle-soup
"

          Dorset apple traybake        
",/recipes/2044/dorset-apple-traybake
"

          Classic Victoria sandwich        
",/recipes/1997/classic-victoria-sandwich
"

          Cauliflower cheese        
",/recipes/358608/cauliflower-cheese
"

          Rhubarb & custard cake        
",/recipes/10500/rhubarb-and-custard-cake
"

          Tomato soup        
",/recipes/2075/tomato-soup
"

          Nutty chicken curry        
",/recipes/11753/nutty-chicken-curry
"

          Mushroom & spinach risotto        
",/recipes/3245/mushroom-and-spinach-risotto
"

          Luscious lemon baked cheesecake        
",/recipes/9653/luscious-lemon-baked-cheesecake
"

          Broccoli & Stilton soup        
",/recipes/1940679/broccoli-and-stilton-soup
"

          Halloween pumpkin cake        
",/recipes/4777/halloween-pumpkin-cake
"

          Fruity teacake        
",/recipes/11608/fruity-teacake
"

          Hot cross buns        
",/recipes/2066661/hot-cross-buns
"

          Greek lamb with orzo        
",/recipes/5846/greek-lamb-with-orzo
"

          Apple & blackberry crumble        
",/recipes/778642/apple-and-blackberry-crumble
"

          Cauliflower cheese soup        
",/recipes/3327/cauliflower-cheese-soup
"

          Creamy courgette & bacon pasta         
",/recipes/2303681/creamy-courgette-and-bacon-pasta-
"

          Fruity lamb tagine        
",/recipes/12751/fruity-lamb-tagine
"

          Creamy ham, leek & mushroom spaghetti        
",/recipes/230615/creamy-ham-leek-and-mushroom-spaghetti
"

          Blackberry & coconut squares        
",/recipes/12971/blackberry-and-coconut-squares
"

          Vintage chocolate chip cookies        
",/recipes/2459643/vintage-chocolate-chip-cookies
"

          Best Yorkshire puddings        
",/recipes/9020/best-yorkshire-puddings
"

          Rosemary chicken with tomato sauce        
",/recipes/8159/rosemary-chicken-with-tomato-sauce
"

          Fruity biscotti        
",/recipes/8022/fruity-christmas-biscotti
"

          Beef & vegetable casserole         
",/recipes/1940689/beef-and-vegetable-casserole-
"

          Tuna pasta bake        
",/recipes/9649/tuna-pasta-bake
"

          Hearty pasta soup        
",/recipes/5592/hearty-pasta-soup
"

          Pan-fried chicken in mushroom sauce        
",/recipes/1827/panfried-chicken-in-mushroom-sauce
"

          Crispy Greek-style pie         
",/recipes/4540/crispy-greekstyle-pie-
"

          The ultimate makeover: Chocolate brownies        
",/recipes/10036/the-ultimate-makeover-chocolate-brownies
"

          Oven-baked risotto         
",/recipes/2818/ovenbaked-risotto-
"

          White chocolate berry cheesecake        
",/recipes/11289/white-chocolate-berry-cheesecake
"

          Christmas pie        
",/recipes/2793/christmas-pie
"

          Sea bass with sizzled ginger, chilli & spring onions        
",/recipes/3366/sea-bass-with-sizzled-ginger-chilli-and-spring-oni
"

          Moroccan lamb with apricots, almonds & mint        
",/recipes/3256/moroccan-lamb-with-apricots-almonds-and-mint
"

          Chocolate fondant        
",/recipes/8168/chocolate-fondant
"

          Muffin-topped winter beef stew        
",/recipes/1859/muffintopped-winter-beef-stew
"

          Veggie shepherd's pie with sweet potato mash        
",/recipes/4382/veggie-shepherds-pie-with-sweet-potato-mash
"

          Moroccan chicken one-pot        
",/recipes/2468641/moroccan-chicken-onepot
"

          Goat's cheese & thyme stuffed chicken        
",/recipes/3925/goats-cheese-and-thyme-stuffed-chicken
"

          Mary Berry's Christmas chutney        
",/recipes/1158/mary-berrys-christmas-chutney
"

          Cappuccino cake        
",/recipes/2006/cappuccino-cake
"

          Cherry Bakewell cake        
",/recipes/9074/cherry-bakewell-cake
"

          Herby salmon & couscous parcels        
",/recipes/1583/herby-salmon-and-couscous-parcels
"

          Banana & blueberry muffins         
",/recipes/1572/banana-and-blueberry-muffins-
"

          Sausage & lentil one-pot        
",/recipes/2233/sausage-and-lentil-onepot
"

          Honey mustard chicken pot with parsnips        
",/recipes/9582/honey-mustard-chicken-pot-with-parsnips
"

          Double chocolate loaf cake        
",/recipes/694633/double-chocolate-loaf-cake
"

          Simmer-&-stir Christmas cake        
",/recipes/1160/simmerandstir-christmas-cake
"

          One-pan salmon with roast asparagus        
",/recipes/5925/onepan-salmon-with-roast-asparagus
"

          No-fuss shepherd's pie        
",/recipes/9644/nofuss-shepherds-pie
"

          Creamy ham & mushroom pasta bake        
",/recipes/9536/creamy-ham-and-mushroom-pasta-bake
"

          Ultimate spaghetti carbonara        
",/recipes/1052/ultimate-spaghetti-carbonara
"

          Chocolate marble cake        
",/recipes/5557/chocolate-marble-cake
"

          Bobotie        
",/recipes/5109/bobotie
"

          Easy vanilla cake        
",/recipes/10860/easy-vanilla-cake
"

          Basic biscuit dough        
",/recipes/3468/basic-biscuit-dough
"

          Cinnamon Nutella cake        
",/recipes/1688/cinnamon-nutella-cake
"

          Easy risotto with bacon & peas        
",/recipes/1221/easy-risotto-with-bacon-and-peas
"

          Pineapple upside-down cake        
",/recipes/5562/pineapple-upsidedown-cake
"

          Creamy pesto chicken with roasted tomatoes        
",/recipes/10416/creamy-pesto-chicken-with-roasted-tomatoes
"

          Beef & stout stew with carrots        
",/recipes/13349/beef-and-stout-stew-with-carrots
"

          Chocolate brownie cake         
",/recipes/2882/chocolate-brownie-cake-
"

          Darina Allen's winter leek & potato soup        
",/recipes/1731/darina-allens-winter-leek-and-potato-soup
"

          Wedding cake - rich dark chocolate cake        
",/recipes/4577/wedding-cake-rich-dark-chocolate-cake
"

          French-style chicken with peas & bacon        
",/recipes/518641/frenchstyle-chicken-with-peas-and-bacon
"

          Parmesan spring chicken        
",/recipes/5987/parmesan-spring-chicken
"

          Chunky minestrone soup        
",/recipes/4807/chunky-minestrone-soup
"

          Smoked salmon with prawns, horseradish cream & lime vinaigrette        
",/recipes/9081/smoked-salmon-with-prawns-horseradish-cream-and-li
"

          Sausages with oregano, mushrooms & olives        
",/recipes/5161/sausages-with-oregano-mushrooms-and-olives
"

          Chicken parmigiana        
",/recipes/1267633/chicken-parmigiana
